Order_ID,Distance_km,Weather,Traffic_Level,Time_of_Day,Vehicle_Type,Preparation_Time_min,Courier_Experience_yrs,Delivery_Time_min
824,8.26,Snowy,Low,Afternoon,Bike,15,1.0,57
132,4.83,Clear,Low,Evening,Bike,11,1.0,29
694,5.23,Clear,Medium,Morning,Scooter,19,4.0,37
911,12.01,Clear,Low,Morning,Car,5,7.0,42
952,13.47,Clear,Medium,Evening,Bike,19,4.0,59
230,12.81,Clear,Low,Morning,Bike,12,2.0,51
116,17.49,Rainy,Low,Evening,Bike,27,9.0,97
199,17.8,Snowy,Medium,Morning,Bike,16,9.0,73
148,10.3,Rainy,Low,Evening,Bike,29,0.0,73
352,17.2,Rainy,High,Afternoon,Scooter,14,2.0,94
651,2.19,Clear,Low,Evening,Bike,26,3.0,32
468,17.44,Clear,Low,Evening,Bike,25,9.0,89
309,16.01,Clear,Low,Afternoon,Car,12,4.0,72
5,3.54,Foggy,Low,,Bike,23,7.0,37
873,13.06,Rainy,High,Morning,Bike,17,8.0,59
568,9.03,Clear,Low,,Bike,11,5.0,43
262,19.81,Snowy,Medium,Afternoon,Car,20,5.0,104
490,17.86,Clear,Low,Afternoon,Scooter,16,8.0,83
186,13.37,Windy,High,Afternoon,Scooter,17,8.0,63
74,16.4,Clear,High,Morning,Scooter,12,2.0,70
174,4.92,Clear,High,Morning,Scooter,12,0.0,41
408,0.71,Foggy,Low,Night,Bike,29,1.0,41
690,4.15,,Medium,Morning,Car,17,8.0,46
171,13.71,Rainy,Medium,Evening,Bike,22,9.0,64
608,7.6,Foggy,Low,Morning,Bike,16,4.0,48
505,13.85,Clear,Low,Evening,Bike,29,5.0,71
999,19.03,Clear,Low,Afternoon,Car,26,5.0,68
457,0.72,Rainy,Medium,Afternoon,Scooter,9,2.0,23
81,17.33,Snowy,Low,Evening,Scooter,12,3.0,79
179,18.77,Snowy,Medium,Evening,Bike,24,0.0,115
271,16.28,Rainy,Low,Morning,Scooter,8,9.0,71
863,10.73,Clear,,Afternoon,Bike,7,5.0,57
550,15.56,Rainy,Low,Afternoon,Scooter,28,0.0,72
399,15.14,Rainy,Medium,Morning,Bike,8,6.0,66
32,3.83,Rainy,Medium,Afternoon,Bike,12,9.0,30
353,13.34,Clear,Medium,Night,Bike,20,6.0,53
58,4.32,,Medium,Morning,Bike,17,4.0,36
929,12.85,Rainy,Medium,Evening,Scooter,6,7.0,61
241,18.84,Foggy,Medium,Afternoon,Scooter,25,8.0,88
323,13.37,Foggy,Medium,Evening,Scooter,16,9.0,71
557,3.11,Rainy,Medium,Morning,Scooter,21,1.0,43
913,12.67,Windy,Medium,Morning,Scooter,7,3.0,43
752,18.83,,Medium,Night,Bike,8,0.0,68
661,7.44,Rainy,Medium,Afternoon,Scooter,5,1.0,37
571,10.52,Rainy,Medium,Afternoon,Scooter,8,4.0,56
527,8.59,Clear,Low,Night,Scooter,17,8.0,36
255,3.81,Rainy,High,Afternoon,Bike,5,6.0,31
288,11.08,Clear,Low,Evening,Scooter,28,2.0,58
459,1.6,Clear,Medium,Evening,Bike,14,8.0,24
414,11.68,Clear,,Afternoon,Scooter,25,7.0,70
211,11.2,Clear,Medium,Morning,Bike,23,,73
421,15.94,Clear,Low,Evening,Bike,24,2.0,77
301,1.51,Clear,High,Afternoon,Bike,14,2.0,32
561,14.23,Clear,Medium,Afternoon,Scooter,23,7.0,70
960,14.89,Snowy,High,Morning,Scooter,17,6.0,87
401,2.51,Clear,Low,Morning,Bike,16,2.0,28
483,9.36,Rainy,High,Morning,Scooter,17,2.0,65
334,2.76,Windy,Medium,Morning,Scooter,8,5.0,22
61,8.08,Foggy,Low,Morning,Bike,25,2.0,61
900,2.17,Snowy,Low,Evening,Car,15,3.0,35
392,8.55,Clear,Low,Evening,Scooter,28,8.0,46
576,19.02,Clear,Medium,Afternoon,Bike,29,9.0,87
462,13.16,Rainy,High,Morning,Scooter,25,8.0,68
777,4.97,Rainy,Low,Evening,Bike,17,9.0,34
604,2.23,Clear,Low,Morning,Bike,7,6.0,14
345,8.27,,High,Afternoon,Scooter,13,5.0,58
144,6.37,Rainy,Low,Afternoon,Car,29,4.0,56
865,8.31,Windy,Medium,Morning,Bike,6,5.0,44
318,3.88,Snowy,Low,Morning,Bike,9,6.0,33
854,18.01,Foggy,High,Night,Bike,14,2.0,71
201,13.02,Snowy,High,Afternoon,Car,6,9.0,65
722,4.03,Clear,Medium,Evening,Bike,9,5.0,25
994,12.01,Clear,Low,Morning,Scooter,26,6.0,57
795,0.85,Clear,Medium,Morning,Bike,9,8.0,17
772,17.01,Snowy,Low,Night,Bike,28,6.0,97
194,12.85,Rainy,Medium,Afternoon,Scooter,23,0.0,80
628,15.08,Rainy,Medium,Evening,Scooter,26,1.0,94
659,13.1,Clear,Low,Evening,Bike,28,2.0,72
481,12.77,Foggy,Low,Morning,Bike,22,8.0,71
504,16.37,Clear,High,Morning,Bike,26,7.0,97
770,16.51,Clear,Medium,Morning,Bike,7,1.0,79
286,1.2,Rainy,Low,Morning,Scooter,24,7.0,33
95,15.53,Clear,Low,Morning,Bike,26,6.0,83
190,5.22,Snowy,Medium,,Scooter,14,3.0,43
446,18.97,Clear,Low,Evening,Car,25,4.0,141
108,15.23,Snowy,High,Morning,Bike,5,0.0,62
542,12.32,Clear,Medium,Evening,Scooter,17,4.0,71
992,14.05,Clear,High,Morning,Scooter,19,0.0,72
508,16.54,Rainy,Medium,Afternoon,Bike,25,7.0,77
546,7.48,Clear,Medium,Morning,Car,21,4.0,52
162,12.83,Clear,Medium,Morning,Bike,19,2.0,76
876,3.54,Rainy,Medium,Afternoon,Scooter,17,4.0,41
289,6.09,Clear,Medium,Night,Bike,7,4.0,27
474,17.88,Clear,Medium,Evening,Bike,29,3.0,98
227,19.47,Clear,Low,Morning,Bike,16,8.0,83
49,11.16,Foggy,Medium,Afternoon,Car,21,4.0,77
222,11.58,Clear,Medium,Morning,Scooter,16,2.0,61
97,10.69,Clear,Medium,Night,Bike,25,9.0,67
170,12.02,Clear,Low,Afternoon,Bike,26,0.0,63
417,6.22,Clear,Low,Afternoon,Bike,16,9.0,29
799,14.08,Clear,High,Morning,Bike,28,6.0,66
961,2.11,Clear,Low,Afternoon,Scooter,28,5.0,34
578,18.57,Rainy,Medium,Afternoon,Bike,16,7.0,89
776,3.42,Clear,Medium,Night,Car,11,9.0,24
292,1.23,Clear,Low,Evening,Bike,18,6.0,21
758,10.9,Clear,High,Afternoon,Scooter,6,8.0,47
959,3.74,Rainy,Low,Morning,Bike,19,6.0,36
243,18.34,Snowy,Medium,Afternoon,Scooter,22,,91
385,14.83,Rainy,Low,Morning,Car,19,4.0,126
626,7.69,Rainy,High,Morning,Scooter,16,3.0,58
825,10.98,Rainy,Low,Morning,Scooter,10,6.0,55
448,15.19,Foggy,Low,Evening,Scooter,6,4.0,53
251,6.24,Snowy,Low,Afternoon,Bike,20,4.0,51
704,3.12,Rainy,Low,Evening,Scooter,14,5.0,28
210,3.64,Windy,High,Evening,Bike,17,6.0,40
962,12.26,Clear,Low,Afternoon,Bike,20,2.0,66
31,12.35,Clear,Low,Morning,Scooter,10,6.0,35
391,19.81,Clear,Low,Afternoon,Bike,27,1.0,74
357,1.02,Windy,High,Evening,Bike,6,8.0,21
82,12.65,Clear,Low,Evening,Bike,15,4.0,66
801,14.29,Windy,Medium,Morning,Bike,14,7.0,78
731,3.7,Clear,Medium,Morning,Bike,28,7.0,45
302,10.86,Windy,Medium,,Car,10,4.0,60
248,19.35,Clear,High,,Bike,12,7.0,75
552,17.12,Rainy,Low,Morning,Bike,26,3.0,86
975,1.11,Clear,Low,Morning,Bike,5,6.0,8
845,3.4,Windy,Medium,Morning,Bike,11,6.0,30
598,3.86,Clear,Medium,Afternoon,Bike,21,8.0,34
566,12.0,Clear,Low,Evening,Car,25,0.0,75
611,1.27,Foggy,High,Afternoon,Bike,25,9.0,46
339,9.75,Clear,Low,Afternoon,Bike,22,7.0,50
829,14.88,Snowy,Medium,Evening,Bike,10,0.0,64
790,18.97,Rainy,High,Night,Bike,20,8.0,108
30,1.41,Foggy,Medium,Evening,Bike,15,0.0,72
822,0.59,Clear,Low,Afternoon,Bike,21,0.0,27
990,16.47,Snowy,High,Evening,Scooter,20,9.0,75
540,3.02,Rainy,Medium,Morning,Bike,23,1.0,46
951,12.21,Clear,High,Morning,Bike,9,4.0,57
530,17.36,Rainy,High,Afternoon,Bike,24,1.0,105
903,4.04,Snowy,Low,Night,Bike,11,9.0,70
811,19.7,Rainy,Low,Evening,Bike,10,2.0,60
642,6.78,Foggy,Low,Night,Bike,18,6.0,42
554,11.44,Foggy,High,Afternoon,Car,14,4.0,74
136,6.8,Clear,High,Evening,Bike,28,5.0,55
456,10.11,Windy,Low,Morning,Bike,11,4.0,44
443,7.8,Rainy,Medium,Morning,Bike,11,7.0,49
666,3.48,Foggy,Low,Afternoon,Scooter,9,1.0,31
888,5.14,Clear,Medium,Evening,Scooter,23,7.0,43
25,9.39,Windy,Medium,Morning,Scooter,21,9.0,50
797,18.68,Snowy,Low,Afternoon,Bike,11,8.0,62
602,5.93,Clear,Low,Afternoon,Scooter,19,3.0,36
129,0.64,Clear,High,Night,Bike,10,3.0,24
968,6.29,,Medium,Morning,Scooter,10,7.0,27
569,18.13,Rainy,High,Evening,Bike,21,2.0,88
394,15.64,Rainy,Low,,Bike,20,4.0,141
884,2.53,Snowy,Low,Morning,Bike,6,8.0,24
307,10.57,Snowy,Low,Afternoon,Bike,28,9.0,59
711,15.32,Clear,Medium,Morning,Bike,17,6.0,80
354,3.68,,High,Afternoon,Car,16,6.0,47
785,4.04,Rainy,High,Evening,Bike,14,6.0,39
531,16.35,Clear,Medium,Morning,Bike,16,0.0,66
1000,9.2,Clear,High,Morning,Scooter,9,9.0,48
668,3.63,Windy,Medium,Morning,Car,22,9.0,39
997,18.39,Windy,Low,Afternoon,Bike,24,6.0,74
972,18.77,Foggy,Low,Afternoon,Car,15,,71
893,16.69,Foggy,Medium,Evening,Scooter,8,2.0,65
781,14.03,Clear,Low,Afternoon,Bike,17,2.0,65
741,9.52,Foggy,Low,Night,Scooter,28,1.0,59
239,13.09,Windy,Low,,Scooter,17,1.0,69
622,4.58,Clear,High,Morning,Scooter,22,9.0,45
427,9.11,Clear,Low,Afternoon,Bike,19,6.0,42
612,16.09,Rainy,Low,Morning,Bike,21,8.0,66
872,5.78,Clear,High,Morning,Bike,11,5.0,38
543,4.96,Rainy,High,Morning,Bike,21,0.0,60
827,7.25,Clear,Medium,Afternoon,Scooter,18,4.0,45
130,10.46,Clear,,Evening,Bike,25,3.0,68
56,18.48,Clear,Medium,Night,Bike,8,0.0,82
906,17.91,Clear,Low,Afternoon,Bike,6,7.0,68
133,2.84,Clear,Medium,Night,Scooter,28,1.0,44
544,13.6,Clear,Medium,Afternoon,Bike,27,0.0,87
771,2.66,Clear,Low,Afternoon,Bike,16,8.0,21
225,5.67,Clear,Low,Morning,Scooter,11,9.0,27
315,16.8,,High,Morning,Car,19,4.0,85
297,15.51,Clear,Low,Evening,Bike,17,9.0,69
719,2.92,Windy,High,Afternoon,Bike,24,4.0,48
877,14.46,Rainy,Medium,Morning,Scooter,11,9.0,68
173,10.49,Rainy,Low,Morning,Bike,28,9.0,66
294,7.52,,Medium,Afternoon,Car,17,9.0,44
424,10.14,Clear,Medium,Morning,Scooter,20,1.0,59
41,2.88,Rainy,,Morning,Car,16,4.0,41
507,18.26,Rainy,High,Night,Scooter,28,7.0,93
8,17.39,Foggy,Medium,Morning,Bike,25,4.0,100
534,11.33,,Low,Morning,Bike,25,3.0,60
425,1.62,Windy,Low,Evening,Bike,9,8.0,16
362,13.04,Clear,Medium,Morning,Scooter,20,6.0,65
54,17.95,Snowy,High,Morning,Scooter,16,,96
632,17.96,Clear,Medium,,Bike,22,2.0,76
344,8.96,Snowy,,Morning,Car,6,5.0,51
905,8.72,Snowy,Medium,Evening,Car,18,7.0,64
431,3.29,Clear,Medium,Afternoon,Scooter,17,4.0,32
564,0.78,Clear,Low,Afternoon,Bike,11,0.0,18
42,10.16,Snowy,Medium,Night,Bike,10,1.0,67
889,2.44,Snowy,High,Evening,Bike,13,9.0,39
892,17.19,Clear,Medium,Afternoon,Bike,11,8.0,76
359,18.83,Clear,Medium,Evening,Scooter,5,8.0,69
946,0.71,Rainy,Low,Morning,Car,25,8.0,31
750,12.67,Clear,Medium,Evening,Car,10,3.0,65
272,16.3,Foggy,Low,Morning,Car,12,1.0,100
928,11.06,Clear,High,Evening,Bike,6,9.0,53
141,19.27,Foggy,High,Afternoon,Bike,14,6.0,92
395,7.15,Clear,High,Night,Car,29,7.0,60
1,7.8,Clear,Low,Evening,Scooter,23,5.0,52
810,2.71,Clear,Medium,Morning,Car,6,5.0,19
441,2.15,Windy,Medium,Afternoon,Car,17,6.0,30
404,16.62,Snowy,Low,Afternoon,Bike,26,8.0,94
879,1.03,Clear,Medium,Afternoon,Bike,19,4.0,29
377,16.98,Clear,Low,,Bike,11,6.0,78
84,1.74,Foggy,High,Afternoon,Scooter,8,9.0,28
597,13.52,Clear,Low,Morning,Scooter,27,1.0,82
672,17.99,Foggy,Low,Morning,Car,11,2.0,84
671,3.88,Clear,Medium,Morning,Bike,16,2.0,35
918,18.99,Rainy,High,Afternoon,Bike,10,6.0,70
313,0.99,,Medium,Evening,Bike,15,,32
784,7.24,Rainy,Medium,Evening,Bike,28,6.0,65
110,2.0,Clear,High,Evening,Scooter,10,2.0,30
794,12.42,Rainy,Low,Evening,Bike,28,9.0,79
15,4.05,Snowy,Medium,Evening,Scooter,19,2.0,50
979,10.18,Foggy,Medium,Morning,Bike,25,3.0,73
874,8.47,Foggy,Medium,Evening,Bike,24,0.0,68
197,14.66,Windy,Medium,,Bike,20,2.0,77
325,19.12,Windy,High,Evening,Car,8,0.0,92
212,13.99,Clear,High,Evening,Scooter,7,3.0,96
479,19.4,Snowy,,Afternoon,Scooter,23,9.0,92
852,15.12,Foggy,Low,Morning,Bike,14,1.0,58
685,18.62,Clear,Low,Evening,Scooter,27,6.0,75
541,19.1,Snowy,Medium,Morning,Bike,25,6.0,90
62,5.79,Windy,Medium,Morning,Bike,26,6.0,49
754,7.03,Clear,Low,Evening,Scooter,21,1.0,44
176,3.9,Rainy,High,Morning,Car,25,9.0,54
324,5.96,Clear,Low,Afternoon,Bike,26,6.0,48
158,15.35,Foggy,Low,Morning,Car,5,3.0,56
40,9.08,Clear,Low,Afternoon,Scooter,14,5.0,49
615,17.53,Clear,Low,Afternoon,Bike,14,6.0,79
658,7.58,Clear,High,Afternoon,Scooter,19,9.0,57
48,10.64,Clear,Medium,Afternoon,Scooter,14,5.0,45
445,16.35,Foggy,Medium,Night,Bike,16,6.0,67
322,14.43,Clear,Medium,Morning,Car,14,4.0,113
493,5.91,Clear,Medium,Evening,Scooter,29,4.0,57
467,6.07,,Low,Afternoon,Bike,18,4.0,35
599,4.25,Clear,Low,Afternoon,Bike,5,4.0,22
145,6.05,Clear,Medium,Morning,Car,24,0.0,48
635,2.59,Windy,Medium,,Bike,13,5.0,28
837,18.34,Clear,High,Night,Bike,9,4.0,92
295,2.98,Foggy,,Night,Bike,11,2.0,27
53,18.82,Windy,Low,Morning,Car,5,3.0,77
751,2.78,Rainy,Low,,Bike,21,4.0,37
137,10.62,Foggy,Low,Evening,Scooter,29,1.0,73
700,9.88,Rainy,Medium,Morning,Car,7,0.0,43
134,7.08,Clear,Medium,Afternoon,Scooter,5,8.0,27
921,17.44,,Low,Night,Car,23,0.0,85
732,16.38,Rainy,Medium,Night,Bike,7,,90
79,7.49,Clear,,Morning,Scooter,13,9.0,45
935,3.85,Rainy,Medium,Afternoon,Bike,26,3.0,46
107,8.5,Clear,High,Evening,Car,13,3.0,54
223,2.33,,Low,Morning,Car,6,1.0,17
419,13.61,Clear,Low,Morning,Bike,26,0.0,66
509,19.02,Rainy,High,Evening,Scooter,22,1.0,106
724,14.95,Clear,Medium,Morning,Bike,13,7.0,49
897,6.22,Rainy,Medium,Morning,Bike,15,0.0,49
369,4.32,Clear,Low,Morning,Bike,21,9.0,34
90,9.71,Clear,Low,Morning,Bike,8,1.0,49
67,3.25,Clear,Low,Morning,Bike,23,7.0,32
638,5.23,Clear,Medium,Morning,Scooter,23,2.0,47
596,9.74,Rainy,Medium,Evening,Scooter,7,8.0,37
350,12.7,Clear,Low,Morning,Scooter,22,2.0,57
931,3.22,Rainy,Medium,Night,Bike,14,8.0,34
72,4.37,Clear,Medium,Evening,Scooter,6,7.0,25
701,10.89,Windy,Medium,Evening,Bike,7,0.0,58
813,2.93,Clear,Medium,Morning,Bike,24,8.0,94
14,4.64,Clear,Low,Afternoon,Bike,15,9.0,24
265,17.61,Clear,Medium,Evening,Scooter,21,9.0,79
592,13.0,Windy,High,Morning,Bike,22,8.0,65
320,5.38,Clear,Medium,Evening,Scooter,26,1.0,47
471,0.74,Rainy,Low,Morning,Car,13,4.0,21
19,8.92,Windy,,Morning,Bike,25,4.0,62
559,15.23,Foggy,Low,Morning,Car,6,0.0,52
875,1.0,Snowy,Medium,Morning,Bike,28,0.0,51
581,9.45,Clear,Low,Afternoon,Car,13,0.0,49
867,3.53,Clear,Medium,Afternoon,Bike,13,7.0,31
195,7.11,Clear,Low,Afternoon,Scooter,27,,48
738,16.42,Clear,Medium,Evening,Bike,20,2.0,84
236,14.59,Clear,Medium,Morning,Bike,15,6.0,64
333,0.78,Clear,Medium,Morning,Bike,6,1.0,17
346,12.51,Clear,Medium,Evening,Bike,18,5.0,62
995,7.54,Snowy,Low,Afternoon,Bike,20,,55
340,2.41,,Medium,Evening,Bike,15,9.0,25
192,18.0,Rainy,High,Night,Car,22,,98
428,17.81,Windy,High,Evening,Bike,21,4.0,122
835,10.22,Foggy,Low,Afternoon,Scooter,21,0.0,61
590,3.46,Snowy,Medium,Morning,Scooter,23,3.0,48
764,15.01,Clear,Medium,Morning,Bike,15,6.0,64
63,16.66,Snowy,High,Afternoon,Scooter,29,7.0,95
526,9.64,Clear,Low,Morning,Bike,10,5.0,46
955,8.67,Windy,High,Morning,Bike,20,4.0,55
52,15.62,Rainy,Medium,Afternoon,Scooter,23,7.0,78
514,17.39,Clear,Medium,Evening,Scooter,5,6.0,46
679,19.4,Clear,Low,Evening,Scooter,8,9.0,57
709,5.47,Rainy,Low,Morning,Car,21,6.0,38
26,15.81,Clear,Low,,Car,25,1.0,92
439,14.27,Clear,Medium,Night,Car,24,3.0,77
838,7.57,Clear,Low,Morning,Bike,21,0.0,56
812,16.86,Snowy,Medium,Afternoon,Car,13,4.0,88
253,17.1,Clear,Medium,Evening,Bike,25,5.0,65
532,19.99,Rainy,High,Evening,Bike,17,1.0,112
310,5.78,Foggy,Low,Afternoon,Scooter,9,9.0,33
47,6.58,Clear,Low,Afternoon,Bike,13,1.0,34
9,12.22,Clear,Low,Evening,Scooter,15,0.0,56
123,6.7,Foggy,High,Morning,Scooter,23,3.0,59
841,0.76,Clear,Low,Afternoon,Car,26,9.0,28
29,12.05,Clear,Low,Evening,Scooter,29,4.0,61
806,14.86,,High,Night,Scooter,15,4.0,91
283,7.82,Rainy,Medium,Evening,Bike,16,8.0,45
696,12.41,Clear,Medium,Morning,Car,10,1.0,51
60,6.84,Rainy,Medium,Night,Car,14,8.0,47
45,5.55,Foggy,High,Evening,Bike,18,1.0,116
209,0.6,Clear,Low,Afternoon,Bike,26,3.0,30
196,7.31,Foggy,Medium,Afternoon,Bike,26,2.0,65
593,4.05,Clear,Medium,Afternoon,Scooter,21,5.0,39
524,16.92,Clear,Low,Morning,Scooter,29,0.0,70
652,10.97,Clear,Low,Afternoon,Scooter,27,3.0,51
780,13.0,Foggy,Low,Evening,Bike,25,7.0,77
958,1.42,Clear,High,Afternoon,Scooter,24,2.0,40
386,16.17,Clear,Medium,Evening,Scooter,12,2.0,78
91,2.83,Windy,Medium,Afternoon,Scooter,14,6.0,28
247,8.85,Clear,Low,Afternoon,Bike,11,9.0,45
494,4.17,,Low,Evening,Scooter,5,1.0,22
299,12.65,Rainy,Low,Afternoon,Bike,18,8.0,60
155,19.72,Rainy,Low,Afternoon,Bike,27,6.0,109
735,7.5,Clear,High,Morning,Bike,29,1.0,66
502,10.95,Clear,Medium,Evening,Scooter,24,4.0,55
656,2.99,Windy,Medium,Morning,Bike,27,5.0,41
487,1.39,Clear,Medium,Afternoon,Bike,15,4.0,24
682,5.53,Windy,High,Morning,Bike,23,4.0,59
207,2.48,Rainy,Low,Evening,Scooter,20,8.0,30
800,18.49,Clear,Low,Afternoon,Scooter,14,6.0,71
942,11.31,Clear,Medium,Evening,Bike,7,0.0,54
517,7.84,Rainy,Low,Morning,Scooter,7,8.0,36
613,12.74,Rainy,Low,Afternoon,Bike,17,9.0,63
463,15.05,Clear,Medium,Evening,Car,12,2.0,66
198,17.99,Windy,High,Evening,Bike,5,1.0,73
200,15.71,Clear,Low,Afternoon,Scooter,28,5.0,69
947,3.17,Clear,Medium,Evening,Scooter,17,6.0,33
477,1.94,Foggy,Low,Night,Bike,10,1.0,25
35,19.33,Clear,Medium,Morning,Bike,7,8.0,73
146,1.22,Foggy,High,Afternoon,Scooter,14,2.0,38
757,12.59,Windy,Medium,Morning,Bike,13,9.0,62
707,6.79,Rainy,Low,Evening,Scooter,16,1.0,39
296,10.68,Clear,Low,Morning,Bike,14,1.0,42
629,1.22,Clear,Medium,Evening,Scooter,6,,14
70,19.74,,Low,,Car,21,7.0,71
721,18.8,Clear,High,Afternoon,Bike,23,7.0,95
662,19.74,Rainy,High,Afternoon,Scooter,11,7.0,81
351,10.31,Foggy,Medium,Morning,Scooter,19,5.0,62
336,1.29,Rainy,Low,Evening,Bike,7,7.0,15
308,6.8,Foggy,Medium,Morning,Scooter,13,7.0,46
734,10.7,Clear,High,Afternoon,Car,8,4.0,57
276,10.28,Clear,Medium,Evening,Scooter,29,3.0,71
538,5.32,Rainy,Low,Afternoon,Scooter,27,2.0,48
64,7.46,Clear,Medium,Evening,Bike,8,5.0,42
963,5.28,Foggy,Low,Morning,Bike,27,6.0,53
184,17.61,Windy,Low,Morning,Bike,5,8.0,61
220,17.06,Clear,Low,Evening,Bike,9,9.0,66
114,16.26,Rainy,High,Morning,Bike,16,6.0,70
193,18.06,Clear,Medium,Night,Bike,9,8.0,52
944,16.68,,Medium,Afternoon,Bike,9,9.0,63
183,18.53,Rainy,Low,Afternoon,Scooter,8,8.0,57
779,14.54,Clear,Medium,Evening,Bike,29,2.0,73
69,1.95,Clear,Low,Morning,Scooter,16,2.0,23
895,13.53,Rainy,Low,Evening,Bike,28,8.0,78
620,15.09,Snowy,Low,Morning,Car,20,7.0,68
948,18.05,Clear,Medium,Evening,Scooter,10,7.0,123
833,3.25,Rainy,,Evening,Scooter,29,0.0,51
970,9.78,Clear,Medium,Afternoon,Bike,18,3.0,58
588,3.01,Clear,Medium,Evening,Bike,14,4.0,26
160,14.7,Clear,Medium,Morning,Scooter,6,2.0,58
689,15.51,Rainy,Medium,Morning,Scooter,10,8.0,81
402,18.1,Clear,Low,Morning,Scooter,8,5.0,77
587,1.98,Rainy,Low,Afternoon,Bike,22,0.0,39
740,7.85,Clear,Low,Afternoon,Scooter,7,9.0,34
836,8.67,Rainy,High,Afternoon,Bike,12,7.0,104
2,19.04,Rainy,Low,Evening,Car,12,6.0,60
683,3.83,Rainy,Low,Evening,Car,27,3.0,49
151,18.21,,Low,Evening,Bike,6,3.0,74
285,11.78,Clear,Low,Afternoon,Scooter,26,3.0,71
311,9.06,Clear,Medium,Evening,Bike,23,4.0,47
791,3.49,Clear,Medium,Morning,Bike,17,2.0,38
625,12.56,Clear,Low,Morning,Car,22,8.0,49
181,7.15,Windy,Low,Morning,Bike,15,3.0,42
383,12.76,Windy,High,Morning,Scooter,27,,74
949,17.54,Clear,,Morning,Car,16,8.0,54
774,8.25,Windy,Medium,Evening,Car,24,4.0,62
358,11.92,Clear,Low,Afternoon,Scooter,14,4.0,46
384,17.61,Clear,Medium,Morning,Scooter,19,3.0,80
221,13.32,Windy,Medium,Afternoon,Bike,26,0.0,71
226,5.26,Rainy,Medium,Evening,Scooter,28,8.0,51
580,5.54,Rainy,Medium,,Scooter,28,9.0,51
206,0.68,Snowy,High,Evening,Bike,29,8.0,50
366,8.03,Clear,Low,Evening,Scooter,14,8.0,42
499,19.5,Clear,High,Morning,Bike,18,2.0,73
478,11.3,Snowy,Medium,Afternoon,Bike,15,8.0,70
698,11.83,Clear,Low,Evening,Scooter,9,7.0,32
843,3.97,Clear,High,Afternoon,Bike,19,8.0,40
669,4.14,Clear,Medium,Morning,Scooter,14,2.0,30
407,8.09,Foggy,Low,Evening,Car,22,2.0,56
484,12.74,Clear,Low,Night,Scooter,18,0.0,67
846,8.59,Clear,Low,Evening,Bike,22,2.0,43
115,12.85,Rainy,Medium,Morning,Scooter,14,8.0,73
743,15.08,Snowy,Low,Evening,Bike,29,7.0,84
725,11.7,Rainy,Low,Afternoon,Bike,17,5.0,60
857,1.21,Snowy,Low,Afternoon,Bike,22,1.0,39
686,11.36,Foggy,Low,Afternoon,Bike,6,4.0,47
242,19.1,Snowy,Low,Afternoon,Bike,18,1.0,101
551,10.64,Windy,Low,Evening,Car,11,9.0,36
189,10.83,Clear,Medium,Evening,Scooter,8,9.0,51
109,4.96,Rainy,Low,Afternoon,Car,10,7.0,28
208,13.44,Clear,,Evening,Scooter,9,5.0,55
17,6.43,Clear,Low,Evening,Car,9,7.0,26
274,18.31,Clear,Medium,Afternoon,Bike,25,3.0,79
154,10.04,Rainy,High,Afternoon,Bike,12,9.0,59
729,4.43,Foggy,Low,Morning,Scooter,10,1.0,63
565,7.34,Foggy,Medium,Afternoon,Bike,22,5.0,93
284,2.33,Clear,Low,Evening,Bike,9,2.0,18
106,5.36,Clear,Low,Afternoon,Scooter,11,4.0,30
966,7.44,Rainy,Medium,Evening,Bike,6,1.0,39
382,14.09,Clear,High,Afternoon,Bike,12,6.0,67
769,7.17,Clear,Medium,Morning,Scooter,7,9.0,29
755,3.22,Windy,High,Morning,Car,7,7.0,27
639,5.75,Windy,High,Morning,Scooter,7,4.0,37
275,10.47,Clear,High,Evening,Scooter,14,7.0,55
245,0.8,Snowy,High,Evening,Bike,14,9.0,36
234,10.1,Clear,High,Morning,Car,17,6.0,55
513,18.69,Windy,Medium,Night,Bike,23,9.0,74
112,3.64,Clear,Low,Morning,Scooter,16,3.0,26
475,10.79,Clear,Medium,Evening,Scooter,24,1.0,65
94,11.44,Rainy,Medium,Evening,Car,20,2.0,57
500,19.73,Foggy,Medium,Evening,Bike,27,4.0,111
945,4.53,Snowy,Medium,Morning,Scooter,18,4.0,49
885,16.1,Clear,Low,Evening,Bike,25,0.0,64
855,4.5,Windy,Low,Evening,Scooter,20,6.0,32
802,3.47,Snowy,High,Night,Bike,24,9.0,53
215,14.39,Rainy,Medium,Morning,Scooter,6,,50
937,0.86,Clear,Medium,Afternoon,Car,21,7.0,28
985,14.7,Clear,Medium,Evening,Scooter,24,5.0,75
556,8.37,Clear,High,Evening,Scooter,13,7.0,42
12,19.41,Windy,Low,Morning,Bike,11,8.0,62
331,7.44,Rainy,Low,Evening,Bike,27,,53
637,10.89,Clear,High,Night,Bike,12,5.0,53
840,12.83,Clear,Low,Evening,Bike,5,8.0,50
290,12.02,Clear,Low,Morning,Car,9,7.0,41
438,16.53,Snowy,Low,Afternoon,Scooter,24,9.0,99
586,5.18,Clear,Medium,Afternoon,Car,9,2.0,30
99,1.0,Snowy,Medium,Morning,Bike,25,4.0,44
89,17.8,Windy,High,Afternoon,Car,12,9.0,73
600,1.3,Foggy,Low,Evening,Bike,19,5.0,29
899,0.75,Clear,Medium,Afternoon,Bike,10,5.0,16
705,1.74,Clear,Medium,Night,Bike,23,2.0,34
278,13.17,Windy,Medium,Afternoon,Bike,16,4.0,67
746,18.04,Clear,Medium,Morning,Bike,8,5.0,71
218,15.06,Rainy,Low,Morning,Bike,22,4.0,65
832,9.32,Rainy,Medium,Evening,Scooter,24,2.0,71
43,1.17,Clear,Medium,Morning,Bike,16,9.0,25
312,2.03,Foggy,High,Evening,Car,14,4.0,36
437,1.92,Clear,Low,,Bike,8,7.0,14
105,18.2,Windy,Medium,Morning,Bike,27,1.0,108
80,2.76,Windy,Medium,Night,Bike,6,2.0,27
820,7.04,Clear,Low,Afternoon,Bike,11,8.0,38
862,9.34,Rainy,Low,Evening,Car,10,0.0,40
817,12.03,Clear,Medium,,Car,20,5.0,65
3,14.77,,High,Morning,Scooter,11,6.0,67
716,18.63,Windy,Low,Afternoon,Bike,11,5.0,85
591,3.21,Rainy,High,Night,Scooter,16,0.0,42
232,10.3,Clear,Low,Evening,Scooter,19,8.0,48
788,8.32,Rainy,Low,Afternoon,Car,12,2.0,49
891,14.58,Clear,Low,Evening,Bike,23,0.0,70
214,4.87,Snowy,High,Evening,Bike,16,7.0,54
650,10.22,Snowy,Medium,Night,Bike,18,1.0,68
249,19.29,Windy,Medium,Evening,Scooter,7,8.0,84
912,5.73,Foggy,Low,Morning,Scooter,7,2.0,30
964,8.09,Clear,High,Afternoon,Scooter,15,4.0,51
528,5.83,Clear,High,Evening,Car,27,9.0,56
397,17.24,Clear,Low,Evening,Bike,17,5.0,69
304,12.93,Rainy,Low,Afternoon,Scooter,25,0.0,61
809,9.29,Clear,Medium,Morning,Bike,17,2.0,49
753,12.74,Clear,Low,Afternoon,Scooter,12,0.0,63
736,17.61,Foggy,Medium,Afternoon,Bike,9,5.0,74
623,7.72,Rainy,Medium,Morning,Bike,11,,36
410,2.28,Foggy,Medium,Morning,Scooter,27,6.0,44
131,8.64,Snowy,Low,Evening,Bike,29,4.0,62
55,12.16,Windy,High,Evening,Scooter,11,0.0,69
981,7.02,Clear,Medium,Evening,Car,23,2.0,53
673,2.06,Foggy,Medium,Evening,Scooter,22,4.0,40
328,12.43,Snowy,Low,Afternoon,Car,12,0.0,70
355,1.88,Clear,Medium,Morning,Scooter,24,7.0,35
163,12.85,Clear,Low,Afternoon,Scooter,5,,54
971,13.44,Clear,Low,Night,Bike,29,0.0,63
138,14.21,Clear,Medium,Evening,Bike,24,,58
573,8.23,Snowy,Low,Evening,Bike,17,3.0,56
363,9.44,Rainy,,Evening,Scooter,28,8.0,63
244,7.72,Foggy,High,Evening,Bike,19,4.0,64
787,11.88,Rainy,High,Afternoon,Car,29,9.0,78
50,4.1,Clear,Low,Morning,Bike,21,3.0,37
442,19.74,Clear,,Afternoon,Car,16,1.0,98
519,19.75,Clear,Medium,Morning,Bike,25,1.0,103
187,16.44,Rainy,High,Afternoon,Bike,12,,86
7,1.63,Rainy,Medium,Night,Bike,24,5.0,38
636,9.22,Clear,Medium,Afternoon,Car,18,9.0,57
28,10.53,Foggy,High,Evening,Bike,25,8.0,72
861,15.62,Snowy,High,Evening,Scooter,26,2.0,81
237,5.98,Foggy,High,Morning,Bike,14,6.0,44
925,8.79,Snowy,Low,Night,Bike,14,6.0,43
842,13.44,Clear,Medium,Morning,Car,22,1.0,79
923,17.94,Rainy,High,Evening,Scooter,22,6.0,85
34,19.0,Clear,High,Morning,Car,28,3.0,96
165,2.26,Clear,Medium,Morning,Scooter,6,3.0,19
293,16.54,Rainy,Low,Afternoon,Scooter,6,7.0,51
403,10.35,Clear,Medium,Night,Bike,7,9.0,48
406,17.96,Clear,,Evening,Scooter,26,0.0,74
418,6.91,Clear,Low,Evening,Bike,27,8.0,91
185,5.53,Clear,Medium,Afternoon,Bike,19,1.0,44
688,5.96,Clear,Medium,Afternoon,Bike,22,7.0,45
922,10.0,Clear,Medium,Afternoon,Scooter,6,9.0,47
914,8.48,Clear,High,Night,Bike,11,5.0,39
71,15.56,Clear,Medium,Evening,Bike,14,3.0,54
572,15.78,Clear,High,Afternoon,Scooter,12,1.0,68
246,18.6,Rainy,Medium,Morning,Car,28,9.0,77
169,1.3,Clear,Medium,Evening,Bike,22,4.0,31
804,12.33,Clear,High,Night,Bike,7,2.0,101
11,0.9,Clear,Low,Afternoon,Bike,20,8.0,23
164,10.95,Snowy,,Afternoon,Bike,9,1.0,65
78,1.94,Rainy,Medium,Morning,Bike,16,0.0,35
821,16.16,Clear,High,Afternoon,Bike,11,1.0,82
398,8.87,Clear,Low,Evening,Bike,19,3.0,55
633,10.48,Rainy,Low,Afternoon,Car,10,7.0,45
270,6.23,Clear,Medium,Evening,Car,20,1.0,51
803,11.74,Clear,High,Evening,Car,6,3.0,54
452,11.39,Rainy,High,Evening,Scooter,14,1.0,72
782,11.08,Windy,High,Afternoon,Bike,16,6.0,70
853,4.59,Foggy,Low,Evening,Scooter,19,8.0,36
57,2.23,Snowy,Medium,Evening,Car,14,0.0,41
250,17.13,Rainy,Low,Evening,Car,19,1.0,71
229,17.89,Windy,Low,,Bike,27,1.0,101
957,10.62,Rainy,Medium,Night,Bike,7,2.0,48
454,18.17,Rainy,Low,Afternoon,Car,13,0.0,71
996,2.29,Rainy,High,Afternoon,Car,8,8.0,80
904,11.87,Clear,Medium,Morning,Bike,10,6.0,43
674,10.73,Foggy,Low,Morning,Bike,6,6.0,35
240,3.95,Clear,Low,Afternoon,Bike,13,5.0,25
649,15.89,Snowy,Medium,Afternoon,Car,15,9.0,91
216,5.13,Clear,Low,Morning,Car,15,4.0,30
87,14.73,Rainy,Low,Afternoon,Bike,24,6.0,74
898,17.98,Clear,Low,Evening,Bike,5,8.0,45
393,7.75,,Medium,Evening,Scooter,21,1.0,55
667,5.3,Clear,Low,Evening,Bike,16,5.0,32
327,11.31,Clear,High,Evening,Bike,20,0.0,67
982,15.53,Foggy,Low,Evening,Bike,26,7.0,68
839,11.82,Windy,Medium,Night,Bike,24,7.0,77
523,19.41,Clear,Low,Morning,Car,7,3.0,48
522,7.93,Windy,Low,Afternoon,Scooter,12,1.0,43
927,5.74,Rainy,High,Evening,Bike,13,9.0,46
816,10.62,Windy,Medium,Afternoon,Car,22,5.0,54
381,2.8,Clear,High,Afternoon,Bike,28,1.0,50
851,1.81,Clear,Medium,Afternoon,Car,23,3.0,34
254,6.68,Clear,High,Morning,Scooter,10,5.0,44
535,15.5,Clear,Medium,Morning,Scooter,28,9.0,91
217,6.85,Clear,High,Morning,Bike,16,5.0,48
830,9.32,Clear,Low,Morning,Scooter,6,5.0,30
969,11.54,Clear,High,Afternoon,Car,10,0.0,56
367,19.24,Snowy,Low,,Bike,26,1.0,114
126,8.83,,Medium,Evening,Scooter,12,3.0,109
117,16.17,Clear,Medium,Evening,Car,10,2.0,116
73,0.61,Clear,Low,Afternoon,Scooter,10,0.0,16
235,4.31,Rainy,Medium,Afternoon,Bike,9,2.0,35
273,17.41,Snowy,Medium,Evening,Bike,20,4.0,80
924,16.1,Clear,Low,Morning,Car,16,6.0,61
512,8.66,Snowy,High,Morning,Bike,29,3.0,77
178,8.04,Clear,Medium,Evening,Car,27,0.0,65
76,14.72,Clear,,Evening,Scooter,15,8.0,80
582,19.61,Clear,High,Evening,Bike,8,6.0,72
98,8.84,Clear,,Morning,Bike,26,0.0,57
692,8.8,Rainy,Medium,Afternoon,Bike,6,2.0,38
647,12.08,Clear,High,Afternoon,Scooter,16,4.0,60
605,2.85,Clear,Low,Morning,Scooter,26,0.0,38
376,6.72,Foggy,Low,Evening,Bike,8,5.0,31
708,16.29,Clear,Low,Morning,Bike,20,1.0,72
974,4.69,Rainy,Medium,Evening,Scooter,12,7.0,36
553,11.26,Foggy,High,Afternoon,Bike,14,2.0,70
624,9.95,Windy,High,Evening,Scooter,21,5.0,72
890,5.24,Windy,High,Afternoon,Scooter,26,8.0,51
450,2.13,Rainy,Low,Morning,Scooter,9,2.0,22
643,4.62,Rainy,Medium,Afternoon,Car,8,3.0,33
603,3.95,Clear,Medium,Morning,Car,28,5.0,47
374,13.82,Clear,Medium,Evening,Bike,21,9.0,72
713,9.7,Snowy,Low,Evening,Bike,6,,45
858,9.71,Clear,Low,Afternoon,Car,27,5.0,61
157,13.61,Clear,Low,,Scooter,12,2.0,43
266,14.94,Clear,Medium,Morning,Bike,11,0.0,62
680,17.38,Rainy,Medium,Afternoon,Scooter,11,2.0,92
920,3.23,Clear,Low,,Bike,7,7.0,14
321,11.21,Clear,High,Afternoon,Scooter,23,1.0,76
314,19.27,Foggy,Medium,Morning,Car,29,9.0,85
977,12.1,Clear,High,Afternoon,Bike,11,0.0,53
433,12.56,Clear,High,Evening,Bike,17,5.0,69
989,5.3,Clear,Medium,Afternoon,Scooter,29,3.0,47
342,9.73,Clear,Low,Afternoon,Bike,29,6.0,60
86,6.84,Clear,Medium,Evening,Bike,25,1.0,51
930,5.53,Clear,Low,Morning,Car,10,8.0,27
496,7.39,Rainy,Medium,Morning,Scooter,25,6.0,60
560,12.6,Windy,Medium,Afternoon,Car,8,6.0,58
699,3.51,Windy,Medium,Night,Bike,22,2.0,44
238,0.97,Clear,Low,Night,Scooter,24,8.0,26
335,1.4,Windy,Low,Evening,Bike,9,9.0,17
547,2.71,Foggy,Low,Morning,Bike,6,0.0,28
465,19.26,Windy,Medium,Morning,Scooter,21,6.0,67
257,18.76,Clear,Medium,Evening,Car,15,2.0,80
539,9.29,Clear,Medium,Evening,Bike,10,9.0,40
796,17.51,Clear,Medium,Evening,Bike,15,3.0,60
317,8.47,Rainy,Low,Afternoon,Scooter,19,0.0,48
506,3.67,Clear,Low,,Bike,9,0.0,26
614,2.09,Clear,Medium,Evening,Bike,5,5.0,16
730,3.69,Rainy,Medium,Afternoon,Bike,8,8.0,27
147,12.39,Snowy,Medium,Evening,Bike,14,8.0,56
728,16.01,Windy,Low,Morning,Car,28,0.0,84
18,10.73,Rainy,High,Afternoon,Car,27,6.0,83
953,3.92,Rainy,Medium,Night,Bike,20,9.0,41
188,11.33,Clear,Medium,Afternoon,Scooter,29,7.0,77
516,1.01,Clear,High,Night,Bike,17,7.0,29
793,10.36,Rainy,Medium,Afternoon,Bike,7,8.0,39
733,13.47,Rainy,Low,Afternoon,Scooter,7,6.0,46
364,11.14,Rainy,Medium,Morning,Scooter,7,3.0,47
786,18.21,Foggy,Low,Morning,Bike,5,1.0,70
380,6.0,Rainy,Medium,Evening,Scooter,21,2.0,47
956,7.97,Windy,Medium,Evening,Scooter,9,8.0,35
337,17.18,Clear,Medium,Night,Scooter,13,1.0,62
113,18.63,Clear,Low,Evening,Bike,26,8.0,75
645,2.84,Clear,Low,Evening,Scooter,24,2.0,35
111,6.15,Foggy,Low,Evening,Scooter,26,5.0,48
747,7.99,Clear,Medium,Evening,Bike,18,4.0,42
411,6.73,Clear,Medium,Afternoon,Bike,21,1.0,54
915,11.26,Clear,Low,Night,Bike,5,6.0,49
420,15.17,Windy,Low,Morning,Bike,25,4.0,77
577,3.37,Clear,High,Morning,Bike,9,,28
984,1.97,Clear,High,Morning,Car,28,7.0,43
287,9.58,Clear,High,Afternoon,Car,26,8.0,60
973,14.79,Clear,Medium,Morning,Scooter,12,9.0,64
77,15.54,Clear,Low,Night,Bike,29,1.0,76
498,2.02,Clear,High,Evening,Bike,28,5.0,44
277,16.07,Clear,Medium,Evening,Bike,16,5.0,64
482,14.07,Clear,High,Afternoon,Bike,5,8.0,67
21,12.43,Rainy,High,Morning,Bike,13,6.0,70
461,2.79,Clear,High,Morning,Bike,23,7.0,38
365,18.86,Snowy,Medium,Night,Bike,18,1.0,89
191,2.32,Clear,Low,Afternoon,Scooter,23,1.0,32
941,5.84,Clear,,Evening,Bike,21,7.0,35
180,3.18,Rainy,Medium,Evening,Bike,21,3.0,42
706,19.8,Clear,High,Evening,Bike,7,3.0,88
480,10.7,Clear,Medium,Afternoon,Scooter,8,5.0,44
798,11.52,,Medium,Morning,Scooter,25,2.0,58
258,14.07,Clear,Medium,Morning,Bike,16,9.0,73
601,3.79,Clear,Medium,Morning,Bike,13,2.0,34
447,19.73,Rainy,Low,Evening,Bike,8,8.0,64
515,1.38,Clear,Medium,Evening,Scooter,5,8.0,13
46,13.42,Rainy,Medium,Evening,Bike,6,6.0,105
372,0.86,Clear,High,Afternoon,Bike,26,5.0,37
555,17.59,Clear,Low,Morning,Bike,24,6.0,69
231,16.0,Foggy,Medium,Afternoon,Scooter,13,3.0,65
182,2.71,Clear,Low,Morning,Scooter,6,1.0,20
653,11.94,Clear,Low,Evening,Bike,20,3.0,69
75,14.28,Windy,High,Afternoon,Scooter,23,5.0,77
627,9.52,Clear,Low,,Bike,12,1.0,49
360,11.72,Rainy,Low,Evening,Bike,11,9.0,42
988,8.98,Clear,Medium,Afternoon,Scooter,22,8.0,105
204,18.02,Clear,,Evening,Car,12,3.0,77
435,2.14,Clear,High,Evening,Bike,18,3.0,34
224,7.67,Windy,Low,Morning,Car,9,2.0,31
648,13.74,Foggy,Medium,Afternoon,Bike,6,1.0,56
856,4.22,Clear,Medium,Morning,Bike,16,7.0,35
726,16.92,Clear,Low,Night,Bike,23,5.0,78
122,17.97,Windy,Medium,Morning,Scooter,28,7.0,92
470,19.28,Snowy,Medium,Morning,Car,21,3.0,101
763,5.35,Clear,Medium,Afternoon,Scooter,24,6.0,43
548,13.6,Rainy,Medium,Afternoon,Scooter,23,6.0,83
16,4.08,Windy,Medium,Afternoon,Bike,7,0.0,33
432,15.35,Rainy,High,Night,Scooter,23,9.0,80
864,9.09,Rainy,Medium,Morning,Bike,6,7.0,43
718,19.32,Rainy,High,Morning,Car,21,7.0,112
124,2.65,,Medium,Afternoon,Car,14,4.0,35
714,8.53,Clear,Low,Evening,Scooter,8,2.0,41
261,12.49,Clear,Medium,Morning,Bike,25,4.0,77
916,9.0,Snowy,Medium,Afternoon,Car,29,3.0,78
684,13.54,Foggy,Low,Morning,Bike,11,1.0,54
135,18.89,Rainy,Medium,Morning,Scooter,22,1.0,74
901,4.55,Rainy,Low,Afternoon,Bike,5,6.0,21
464,11.88,Rainy,Medium,Afternoon,Bike,5,1.0,63
607,4.52,,Low,Evening,Car,17,0.0,71
143,10.2,Rainy,Medium,Afternoon,Bike,18,9.0,56
574,12.63,Foggy,Medium,Night,Scooter,8,8.0,49
702,1.51,Clear,High,Evening,Bike,26,1.0,44
665,2.48,Windy,Medium,Afternoon,Car,14,6.0,27
59,1.38,Clear,Medium,Morning,Car,6,3.0,17
149,1.5,Foggy,Medium,Evening,Scooter,15,4.0,32
584,6.91,Clear,Medium,Evening,Scooter,28,9.0,56
831,4.88,Windy,Medium,Afternoon,Scooter,26,7.0,48
585,12.85,Windy,Medium,Afternoon,Scooter,18,7.0,61
529,1.6,Foggy,Low,Night,Scooter,24,,37
332,15.28,Snowy,Low,Evening,Bike,16,5.0,72
715,7.3,Clear,Low,Night,Scooter,14,7.0,28
150,5.93,Foggy,High,,Scooter,27,1.0,106
848,19.94,Clear,Low,Afternoon,Bike,26,6.0,83
373,2.34,Foggy,Medium,Morning,Bike,8,2.0,28
878,13.35,Rainy,Low,Evening,Scooter,14,4.0,91
644,6.89,Rainy,Medium,Afternoon,Bike,11,6.0,43
943,13.2,Snowy,Low,Morning,Car,14,3.0,62
678,8.26,Clear,Low,,Car,21,4.0,80
39,13.84,Clear,Low,Morning,Scooter,18,,64
100,2.6,Clear,Low,Afternoon,Bike,16,1.0,29
993,5.81,Rainy,Medium,Evening,Bike,14,8.0,41
978,1.5,Clear,Low,Afternoon,Bike,10,1.0,17
919,15.39,Clear,Medium,Evening,Scooter,24,5.0,89
631,14.41,Snowy,Medium,Evening,Bike,8,8.0,75
375,1.89,Clear,Medium,Evening,Scooter,13,7.0,22
503,6.54,Clear,Medium,Night,Bike,10,7.0,39
104,10.42,Windy,Medium,Afternoon,Bike,28,3.0,72
510,14.65,Snowy,High,Morning,Car,19,3.0,95
660,11.63,Clear,Medium,Night,Scooter,29,7.0,57
430,2.78,,High,Afternoon,Scooter,9,0.0,41
38,2.4,Snowy,Low,Night,Scooter,27,5.0,42
697,6.13,Clear,Medium,Night,Scooter,22,0.0,48
356,13.03,Foggy,Low,Morning,Scooter,9,1.0,50
281,17.86,Rainy,Low,Afternoon,Bike,5,1.0,50
847,2.16,Clear,Medium,Night,Car,10,1.0,23
670,6.06,Foggy,Low,Afternoon,Scooter,10,8.0,41
589,3.0,Clear,Low,Morning,Scooter,29,1.0,43
727,3.23,Rainy,Low,Morning,Car,25,7.0,42
166,16.79,Foggy,High,Afternoon,Bike,24,6.0,85
756,15.98,Foggy,Low,Morning,Car,21,6.0,90
616,18.46,Rainy,Low,Morning,Bike,19,9.0,94
536,18.92,Clear,High,Morning,Scooter,27,4.0,100
936,5.81,Foggy,Low,Afternoon,Bike,25,8.0,51
161,7.67,Foggy,Medium,Afternoon,Scooter,22,8.0,59
388,3.96,Clear,Medium,Afternoon,Bike,23,,44
119,17.9,Clear,Low,Morning,Bike,23,,85
202,2.14,Clear,Low,Afternoon,Bike,25,1.0,36
390,16.23,Clear,Medium,Evening,Bike,6,0.0,54
640,7.86,Windy,Medium,Morning,Car,22,2.0,55
44,18.23,Rainy,Low,Afternoon,Scooter,27,9.0,86
717,16.7,Clear,Medium,Afternoon,Scooter,28,1.0,76
473,1.34,Foggy,High,Evening,Bike,9,5.0,30
10,14.31,Clear,Medium,Morning,Bike,9,8.0,47
13,16.73,Windy,High,Afternoon,Scooter,9,7.0,71
742,6.38,Snowy,Low,Evening,Bike,16,1.0,111
814,18.46,Clear,,,Scooter,29,1.0,153
172,0.82,Windy,Low,Morning,Car,18,9.0,23
630,5.42,Clear,Low,Evening,Scooter,11,9.0,26
850,12.11,Rainy,Low,Morning,Bike,9,5.0,59
37,6.44,Clear,Low,Afternoon,Car,18,2.0,43
269,7.51,Rainy,Low,Evening,Car,27,6.0,50
518,16.31,Foggy,Medium,Afternoon,Car,14,7.0,71
282,7.09,Snowy,Low,Morning,Scooter,13,8.0,37
6,3.54,Rainy,Medium,Evening,Bike,10,5.0,32
159,5.13,Foggy,Medium,Evening,Car,25,1.0,60
472,19.41,Snowy,High,Evening,Car,21,3.0,100
739,9.06,Clear,High,Evening,Bike,26,3.0,61
102,12.91,Windy,Medium,Evening,Bike,11,6.0,56
657,6.03,Rainy,High,Afternoon,Car,8,6.0,46
125,4.94,Rainy,High,Evening,Scooter,28,4.0,63
228,8.17,Clear,Medium,Afternoon,Scooter,20,9.0,44
760,15.88,Rainy,Low,Evening,Car,17,1.0,68
460,2.82,Rainy,Medium,Evening,Scooter,10,1.0,29
405,6.74,Rainy,Medium,Evening,Car,21,9.0,47
316,14.07,Rainy,Low,Evening,Bike,10,5.0,63
142,5.41,Clear,Medium,Night,Bike,14,5.0,36
426,11.22,Windy,High,Evening,Bike,25,5.0,79
379,16.38,Clear,Medium,Morning,Bike,6,2.0,51
908,7.17,Clear,Low,Afternoon,Bike,15,7.0,32
121,16.25,Foggy,High,Morning,Bike,10,5.0,91
575,17.32,Clear,Low,Evening,Scooter,10,3.0,77
371,2.47,Windy,Medium,Morning,Bike,27,2.0,44
883,0.88,Rainy,Low,Night,Car,27,2.0,37
748,11.1,Clear,Low,Afternoon,Bike,18,7.0,56
767,15.37,Snowy,Medium,Afternoon,Car,15,5.0,66
761,3.46,Clear,Low,Morning,Bike,24,6.0,37
595,17.99,Snowy,Low,Afternoon,Bike,15,3.0,63
330,5.33,Clear,Low,Evening,Car,29,1.0,51
759,17.93,Clear,Medium,Afternoon,Bike,29,4.0,85
768,17.6,Clear,Low,Afternoon,Bike,27,3.0,69
675,8.5,Snowy,High,Evening,Bike,14,7.0,56
298,4.71,Clear,Low,Morning,Bike,20,6.0,31
778,14.58,Clear,Low,Afternoon,Bike,13,,57
92,14.41,Rainy,,Night,Bike,16,6.0,85
886,3.98,Clear,High,Night,Car,19,3.0,41
